case,suite,system,sys,sys2,n_logs,n_containers,n_warn,n_error,n_info,n_debug
re2ob_checkoutservice_cpu_1,RE2,OB,RE2-OB,OB,171322,10,0,0,0,0
re2ob_checkoutservice_cpu_2,RE2,OB,RE2-OB,OB,110067,10,0,177,1,0
re2ob_checkoutservice_cpu_3,RE2,OB,RE2-OB,OB,178461,10,0,0,0,0
re2ob_checkoutservice_delay_1,RE2,OB,RE2-OB,OB,177868,10,0,0,0,0
re2ob_checkoutservice_delay_2,RE2,OB,RE2-OB,OB,175563,10,0,0,0,0
re2ob_checkoutservice_delay_3,RE2,OB,RE2-OB,OB,177282,10,0,0,0,0
re2ob_checkoutservice_disk_1,RE2,OB,RE2-OB,OB,171176,10,0,0,0,0
re2ob_checkoutservice_disk_2,RE2,OB,RE2-OB,OB,179481,10,0,0,0,0
re2ob_checkoutservice_disk_3,RE2,OB,RE2-OB,OB,179376,10,0,0,0,0
re2ob_checkoutservice_loss_1,RE2,OB,RE2-OB,OB,168467,10,0,36,0,0
re2ob_checkoutservice_loss_2,RE2,OB,RE2-OB,OB,177193,10,0,0,0,0
re2ob_checkoutservice_loss_3,RE2,OB,RE2-OB,OB,177015,10,0,13,0,0
re2ob_checkoutservice_mem_1,RE2,OB,RE2-OB,OB,178020,10,0,0,0,0
re2ob_checkoutservice_mem_2,RE2,OB,RE2-OB,OB,122905,10,0,3,0,0
re2ob_checkoutservice_mem_3,RE2,OB,RE2-OB,OB,178797,10,0,0,0,0
re2ob_checkoutservice_socket_1,RE2,OB,RE2-OB,OB,177376,10,0,0,0,0
re2ob_checkoutservice_socket_2,RE2,OB,RE2-OB,OB,176899,10,0,0,0,0
re2ob_checkoutservice_socket_3,RE2,OB,RE2-OB,OB,179060,10,0,0,0,0
re2ob_currencyservice_cpu_1,RE2,OB,RE2-OB,OB,175589,10,0,0,0,0
re2ob_currencyservice_cpu_2,RE2,OB,RE2-OB,OB,175593,10,0,0,0,0
re2ob_currencyservice_cpu_3,RE2,OB,RE2-OB,OB,176460,10,0,0,0,0
re2ob_currencyservice_delay_1,RE2,OB,RE2-OB,OB,161224,10,0,0,0,0
re2ob_currencyservice_delay_2,RE2,OB,RE2-OB,OB,115001,9,0,0,0,0
re2ob_currencyservice_delay_3,RE2,OB,RE2-OB,OB,113758,9,0,0,0,0
re2ob_currencyservice_disk_1,RE2,OB,RE2-OB,OB,157693,10,0,0,0,0
re2ob_currencyservice_disk_2,RE2,OB,RE2-OB,OB,173181,10,0,0,0,0
re2ob_currencyservice_disk_3,RE2,OB,RE2-OB,OB,175844,10,0,0,0,0
re2ob_currencyservice_loss_1,RE2,OB,RE2-OB,OB,131836,10,0,2323,0,0
re2ob_currencyservice_loss_2,RE2,OB,RE2-OB,OB,124718,10,0,24,0,0
re2ob_currencyservice_loss_3,RE2,OB,RE2-OB,OB,154624,10,0,16,0,0
re2ob_currencyservice_mem_1,RE2,OB,RE2-OB,OB,165696,10,0,0,0,0
re2ob_currencyservice_mem_2,RE2,OB,RE2-OB,OB,169354,10,0,0,0,0
re2ob_currencyservice_mem_3,RE2,OB,RE2-OB,OB,168823,10,0,0,0,0
re2ob_currencyservice_socket_1,RE2,OB,RE2-OB,OB,178239,10,0,0,0,0
re2ob_currencyservice_socket_2,RE2,OB,RE2-OB,OB,174759,10,0,0,0,0
re2ob_currencyservice_socket_3,RE2,OB,RE2-OB,OB,174617,10,0,0,0,0
re2ob_emailservice_cpu_1,RE2,OB,RE2-OB,OB,171212,10,0,0,0,0
re2ob_emailservice_cpu_2,RE2,OB,RE2-OB,OB,179964,10,0,0,0,0
re2ob_emailservice_cpu_3,RE2,OB,RE2-OB,OB,180925,10,0,0,0,0
re2ob_emailservice_delay_1,RE2,OB,RE2-OB,OB,178258,10,0,0,0,0
re2ob_emailservice_delay_2,RE2,OB,RE2-OB,OB,178743,10,0,0,0,0
re2ob_emailservice_delay_3,RE2,OB,RE2-OB,OB,178830,10,0,0,0,0
re2ob_emailservice_disk_1,RE2,OB,RE2-OB,OB,168998,10,0,0,0,0
re2ob_emailservice_disk_2,RE2,OB,RE2-OB,OB,180028,10,0,0,0,0
re2ob_emailservice_disk_3,RE2,OB,RE2-OB,OB,162740,10,0,0,0,0
re2ob_emailservice_loss_1,RE2,OB,RE2-OB,OB,169916,10,0,40,0,0
re2ob_emailservice_loss_2,RE2,OB,RE2-OB,OB,179209,10,0,18,0,0
re2ob_emailservice_loss_3,RE2,OB,RE2-OB,OB,177244,10,0,11,0,0
re2ob_emailservice_mem_1,RE2,OB,RE2-OB,OB,177387,10,0,0,0,0
re2ob_emailservice_mem_2,RE2,OB,RE2-OB,OB,178461,10,0,0,0,0
re2ob_emailservice_mem_3,RE2,OB,RE2-OB,OB,177171,10,0,0,0,0
re2ob_emailservice_socket_1,RE2,OB,RE2-OB,OB,179307,10,0,0,0,0
re2ob_emailservice_socket_2,RE2,OB,RE2-OB,OB,180421,10,0,0,0,0
re2ob_emailservice_socket_3,RE2,OB,RE2-OB,OB,177851,10,0,0,0,0
re2ob_productcatalogservice_cpu_1,RE2,OB,RE2-OB,OB,172220,10,0,0,0,0
re2ob_productcatalogservice_cpu_2,RE2,OB,RE2-OB,OB,175280,10,0,0,0,0
re2ob_productcatalogservice_cpu_3,RE2,OB,RE2-OB,OB,177166,10,0,0,0,0
re2ob_productcatalogservice_delay_1,RE2,OB,RE2-OB,OB,160317,10,0,0,0,0
re2ob_productcatalogservice_delay_2,RE2,OB,RE2-OB,OB,158705,10,0,0,0,0
re2ob_productcatalogservice_delay_3,RE2,OB,RE2-OB,OB,159592,10,0,0,0,0
re2ob_productcatalogservice_disk_1,RE2,OB,RE2-OB,OB,167784,10,0,0,0,0
re2ob_productcatalogservice_disk_2,RE2,OB,RE2-OB,OB,176391,10,0,0,0,0
re2ob_productcatalogservice_disk_3,RE2,OB,RE2-OB,OB,175180,10,0,0,0,0
re2ob_productcatalogservice_loss_1,RE2,OB,RE2-OB,OB,117601,11,0,55,0,0
re2ob_productcatalogservice_loss_2,RE2,OB,RE2-OB,OB,120201,11,0,293,0,0
re2ob_productcatalogservice_loss_3,RE2,OB,RE2-OB,OB,147887,11,0,80,0,0
re2ob_productcatalogservice_mem_1,RE2,OB,RE2-OB,OB,139074,10,0,0,0,0
re2ob_productcatalogservice_mem_2,RE2,OB,RE2-OB,OB,161661,10,0,0,0,0
re2ob_productcatalogservice_mem_3,RE2,OB,RE2-OB,OB,155910,10,0,0,0,0
re2ob_productcatalogservice_socket_1,RE2,OB,RE2-OB,OB,168357,10,0,0,0,0
re2ob_productcatalogservice_socket_2,RE2,OB,RE2-OB,OB,177026,10,0,0,0,0
re2ob_productcatalogservice_socket_3,RE2,OB,RE2-OB,OB,178806,10,0,0,0,0
re2ob_recommendationservice_cpu_1,RE2,OB,RE2-OB,OB,171429,10,0,0,0,0
re2ob_recommendationservice_cpu_2,RE2,OB,RE2-OB,OB,178115,10,0,0,0,0
re2ob_recommendationservice_cpu_3,RE2,OB,RE2-OB,OB,179564,10,0,0,0,0
re2ob_recommendationservice_delay_1,RE2,OB,RE2-OB,OB,172404,10,0,0,0,0
re2ob_recommendationservice_delay_2,RE2,OB,RE2-OB,OB,173760,10,0,0,0,0
re2ob_recommendationservice_delay_3,RE2,OB,RE2-OB,OB,174200,10,0,0,0,0
re2ob_recommendationservice_disk_1,RE2,OB,RE2-OB,OB,170150,10,0,0,0,0
re2ob_recommendationservice_disk_2,RE2,OB,RE2-OB,OB,177271,10,0,0,0,0
re2ob_recommendationservice_disk_3,RE2,OB,RE2-OB,OB,178952,10,0,0,0,0
re2ob_recommendationservice_loss_1,RE2,OB,RE2-OB,OB,147413,11,0,1242,6,0
re2ob_recommendationservice_loss_2,RE2,OB,RE2-OB,OB,168376,10,0,2,0,0
re2ob_recommendationservice_loss_3,RE2,OB,RE2-OB,OB,164897,10,0,4,0,0
re2ob_recommendationservice_mem_1,RE2,OB,RE2-OB,OB,174236,10,0,0,0,0
re2ob_recommendationservice_mem_2,RE2,OB,RE2-OB,OB,173185,10,0,0,0,0
re2ob_recommendationservice_mem_3,RE2,OB,RE2-OB,OB,172175,10,0,0,0,0
re2ob_recommendationservice_socket_1,RE2,OB,RE2-OB,OB,131908,10,0,0,0,0
re2ob_recommendationservice_socket_2,RE2,OB,RE2-OB,OB,178775,10,0,0,0,0
re2ob_recommendationservice_socket_3,RE2,OB,RE2-OB,OB,177253,10,0,0,0,0
re2ss_carts_cpu_1,RE2,SS,RE2-SS,SS,86592,11,50,4417,13240,0
re2ss_carts_cpu_2,RE2,SS,RE2-SS,SS,86451,11,58,4391,13179,0
re2ss_carts_cpu_3,RE2,SS,RE2-SS,SS,87020,10,52,4439,13312,0
re2ss_carts_delay_1,RE2,SS,RE2-SS,SS,83040,10,49,4232,12670,0
re2ss_carts_delay_2,RE2,SS,RE2-SS,SS,83145,10,41,4240,12724,0
re2ss_carts_delay_3,RE2,SS,RE2-SS,SS,82548,10,49,4200,12573,0
re2ss_carts_disk_1,RE2,SS,RE2-SS,SS,88166,10,81,4459,13365,0
re2ss_carts_disk_2,RE2,SS,RE2-SS,SS,87449,11,58,4445,13366,0
re2ss_carts_disk_3,RE2,SS,RE2-SS,SS,87197,11,54,4439,13348,0
re2ss_carts_loss_1,RE2,SS,RE2-SS,SS,84486,11,49,4304,12870,0
re2ss_carts_loss_2,RE2,SS,RE2-SS,SS,84873,11,46,4330,12958,0
re2ss_carts_loss_3,RE2,SS,RE2-SS,SS,84331,10,64,4270,12789,0
re2ss_carts_mem_1,RE2,SS,RE2-SS,SS,87712,11,62,4464,13415,0
re2ss_carts_mem_2,RE2,SS,RE2-SS,SS,86086,10,57,4380,13158,0
re2ss_carts_mem_3,RE2,SS,RE2-SS,SS,86345,11,47,4408,13239,0
re2ss_carts_socket_1,RE2,SS,RE2-SS,SS,88689,10,50,4273,12834,0
re2ss_carts_socket_2,RE2,SS,RE2-SS,SS,86415,11,54,4395,13221,0
re2ss_carts_socket_3,RE2,SS,RE2-SS,SS,86090,11,57,4377,13150,0
re2ss_catalogue_cpu_1,RE2,SS,RE2-SS,SS,78035,10,55,3976,11795,0
re2ss_catalogue_cpu_2,RE2,SS,RE2-SS,SS,74548,10,34,3820,11282,0
re2ss_catalogue_cpu_3,RE2,SS,RE2-SS,SS,87159,10,67,4421,13230,0
re2ss_catalogue_delay_1,RE2,SS,RE2-SS,SS,88601,11,54,4134,12411,0
re2ss_catalogue_delay_2,RE2,SS,RE2-SS,SS,84632,10,57,4294,12933,0
re2ss_catalogue_delay_3,RE2,SS,RE2-SS,SS,78812,12,49,4033,11957,2
re2ss_catalogue_disk_1,RE2,SS,RE2-SS,SS,84395,10,45,3976,11767,0
re2ss_catalogue_disk_2,RE2,SS,RE2-SS,SS,86517,11,61,4395,13204,0
re2ss_catalogue_disk_3,RE2,SS,RE2-SS,SS,86824,11,58,4417,13240,0
re2ss_catalogue_loss_1,RE2,SS,RE2-SS,SS,57320,11,44,3019,8315,5
re2ss_catalogue_loss_2,RE2,SS,RE2-SS,SS,60114,12,37,3207,8634,3
re2ss_catalogue_loss_3,RE2,SS,RE2-SS,SS,61657,11,48,3164,8942,4
re2ss_catalogue_mem_1,RE2,SS,RE2-SS,SS,86527,11,50,4411,13239,0
re2ss_catalogue_mem_2,RE2,SS,RE2-SS,SS,86549,10,58,4402,13204,0
re2ss_catalogue_mem_3,RE2,SS,RE2-SS,SS,86063,10,51,4389,13185,0
re2ss_catalogue_socket_1,RE2,SS,RE2-SS,SS,89439,10,45,4187,12555,0
re2ss_catalogue_socket_2,RE2,SS,RE2-SS,SS,87798,11,64,4463,13383,0
re2ss_catalogue_socket_3,RE2,SS,RE2-SS,SS,86369,10,46,4409,13241,0
re2ss_orders_cpu_1,RE2,SS,RE2-SS,SS,86534,10,59,4400,13195,0
re2ss_orders_cpu_2,RE2,SS,RE2-SS,SS,86433,11,56,4395,13212,0
re2ss_orders_cpu_3,RE2,SS,RE2-SS,SS,86788,10,52,4426,13275,0
re2ss_orders_delay_1,RE2,SS,RE2-SS,SS,88610,11,54,3983,11972,0
re2ss_orders_delay_2,RE2,SS,RE2-SS,SS,86736,12,57,4417,13232,0
re2ss_orders_delay_3,RE2,SS,RE2-SS,SS,85819,11,56,4368,13086,0
re2ss_orders_disk_1,RE2,SS,RE2-SS,SS,70374,15,94,3643,10706,1
re2ss_orders_disk_2,RE2,SS,RE2-SS,SS,87603,12,66,4749,12714,0
re2ss_orders_disk_3,RE2,SS,RE2-SS,SS,86528,10,54,4402,13221,0
re2ss_orders_loss_1,RE2,SS,RE2-SS,SS,89230,12,68,4506,12557,0
re2ss_orders_loss_2,RE2,SS,RE2-SS,SS,87652,10,54,4442,12566,0
re2ss_orders_loss_3,RE2,SS,RE2-SS,SS,88243,11,51,4484,12722,0
re2ss_orders_mem_1,RE2,SS,RE2-SS,SS,86192,12,50,4394,13194,0
re2ss_orders_mem_2,RE2,SS,RE2-SS,SS,86626,12,50,4409,13220,0
re2ss_orders_mem_3,RE2,SS,RE2-SS,SS,86519,11,43,4414,13276,0
re2ss_orders_socket_1,RE2,SS,RE2-SS,SS,89905,11,62,4154,12077,0
re2ss_orders_socket_2,RE2,SS,RE2-SS,SS,86799,10,66,4401,13203,0
re2ss_orders_socket_3,RE2,SS,RE2-SS,SS,86124,11,57,4377,13152,0
re2ss_payment_cpu_1,RE2,SS,RE2-SS,SS,86881,10,63,4409,13221,0
re2ss_payment_cpu_2,RE2,SS,RE2-SS,SS,86332,11,58,4395,13203,0
re2ss_payment_cpu_3,RE2,SS,RE2-SS,SS,86912,11,65,4414,13239,0
re2ss_payment_delay_1,RE2,SS,RE2-SS,SS,86312,10,50,3778,11349,0
re2ss_payment_delay_2,RE2,SS,RE2-SS,SS,87147,10,57,4438,13320,0
re2ss_payment_delay_3,RE2,SS,RE2-SS,SS,86799,11,59,4415,13222,0
re2ss_payment_disk_1,RE2,SS,RE2-SS,SS,89666,10,65,4051,11057,0
re2ss_payment_disk_2,RE2,SS,RE2-SS,SS,86728,11,61,4401,13204,0
re2ss_payment_disk_3,RE2,SS,RE2-SS,SS,86149,10,53,4385,13140,0
re2ss_payment_loss_1,RE2,SS,RE2-SS,SS,92962,12,71,5143,10213,0
re2ss_payment_loss_2,RE2,SS,RE2-SS,SS,91375,11,59,5086,9930,0
re2ss_payment_loss_3,RE2,SS,RE2-SS,SS,91786,11,67,5039,10537,0
re2ss_payment_mem_1,RE2,SS,RE2-SS,SS,87090,12,58,4616,12950,0
re2ss_payment_mem_2,RE2,SS,RE2-SS,SS,86218,10,50,4394,13185,0
re2ss_payment_mem_3,RE2,SS,RE2-SS,SS,87217,12,64,4427,13275,0
re2ss_payment_socket_1,RE2,SS,RE2-SS,SS,85811,12,39,3804,11382,0
re2ss_payment_socket_2,RE2,SS,RE2-SS,SS,86579,10,58,4411,13203,0
re2ss_payment_socket_3,RE2,SS,RE2-SS,SS,87216,10,54,4440,13347,0
re2ss_user_cpu_1,RE2,SS,RE2-SS,SS,77384,11,60,3914,11581,0
re2ss_user_cpu_2,RE2,SS,RE2-SS,SS,76709,11,46,3914,11588,0
re2ss_user_cpu_3,RE2,SS,RE2-SS,SS,86263,10,45,4407,13212,0
re2ss_user_delay_1,RE2,SS,RE2-SS,SS,81553,11,45,3536,10620,0
re2ss_user_delay_2,RE2,SS,RE2-SS,SS,84386,11,58,4279,12843,0
re2ss_user_delay_3,RE2,SS,RE2-SS,SS,83728,12,55,4251,12735,0
re2ss_user_disk_1,RE2,SS,RE2-SS,SS,78709,11,36,3520,10141,1
re2ss_user_disk_2,RE2,SS,RE2-SS,SS,86487,11,64,4389,13176,0
re2ss_user_disk_3,RE2,SS,RE2-SS,SS,86663,11,59,4403,13230,0
re2ss_user_loss_1,RE2,SS,RE2-SS,SS,53507,11,35,3032,7692,6
re2ss_user_loss_2,RE2,SS,RE2-SS,SS,59052,11,42,3290,8515,6
re2ss_user_loss_3,RE2,SS,RE2-SS,SS,66602,11,32,3693,9615,5
re2ss_user_mem_1,RE2,SS,RE2-SS,SS,87131,11,60,4436,13279,0
re2ss_user_mem_2,RE2,SS,RE2-SS,SS,85960,12,57,4378,13152,0
re2ss_user_mem_3,RE2,SS,RE2-SS,SS,85809,11,48,4379,13123,0
re2ss_user_socket_1,RE2,SS,RE2-SS,SS,84250,11,62,3614,10870,0
re2ss_user_socket_2,RE2,SS,RE2-SS,SS,85726,11,62,4358,13077,0
re2ss_user_socket_3,RE2,SS,RE2-SS,SS,86412,11,51,4399,13212,0
re2tt_ts-auth-service_cpu_2,RE2,TT,RE2-TT,TT,271919,47,2,88,263804,0
re2tt_ts-auth-service_cpu_3,RE2,TT,RE2-TT,TT,267932,45,1,73,260938,0
re2tt_ts-auth-service_delay_1,RE2,TT,RE2-TT,TT,266174,46,2,77,258552,0
re2tt_ts-auth-service_delay_2,RE2,TT,RE2-TT,TT,274867,45,0,74,267797,0
re2tt_ts-auth-service_delay_3,RE2,TT,RE2-TT,TT,279367,45,0,75,271925,0
re2tt_ts-auth-service_disk_1,RE2,TT,RE2-TT,TT,271266,45,0,81,263369,0
re2tt_ts-auth-service_disk_2,RE2,TT,RE2-TT,TT,270500,46,0,70,263503,0
re2tt_ts-auth-service_disk_3,RE2,TT,RE2-TT,TT,269667,46,0,79,262546,0
re2tt_ts-auth-service_loss_1,RE2,TT,RE2-TT,TT,276063,46,2,84,267926,0
re2tt_ts-auth-service_loss_2,RE2,TT,RE2-TT,TT,279706,45,0,76,272457,0
re2tt_ts-auth-service_loss_3,RE2,TT,RE2-TT,TT,279067,45,0,82,271793,0
re2tt_ts-auth-service_mem_1,RE2,TT,RE2-TT,TT,270107,45,0,87,263002,0
re2tt_ts-auth-service_mem_2,RE2,TT,RE2-TT,TT,262199,48,5,87,253454,0
re2tt_ts-auth-service_mem_3,RE2,TT,RE2-TT,TT,260665,45,0,76,253756,0
re2tt_ts-auth-service_socket_1,RE2,TT,RE2-TT,TT,270617,45,0,89,263440,0
re2tt_ts-auth-service_socket_2,RE2,TT,RE2-TT,TT,266470,45,0,63,259461,0
re2tt_ts-auth-service_socket_3,RE2,TT,RE2-TT,TT,265328,46,1,82,258114,0
re2tt_ts-order-service_cpu_1,RE2,TT,RE2-TT,TT,269233,47,0,67,262161,0
re2tt_ts-order-service_cpu_2,RE2,TT,RE2-TT,TT,281606,45,0,82,274213,0
re2tt_ts-order-service_cpu_3,RE2,TT,RE2-TT,TT,273099,45,1,89,265437,0
re2tt_ts-order-service_delay_1,RE2,TT,RE2-TT,TT,146141,45,0,51,142221,0
re2tt_ts-order-service_delay_2,RE2,TT,RE2-TT,TT,57359,39,0,157,50263,0
re2tt_ts-order-service_delay_3,RE2,TT,RE2-TT,TT,58570,39,0,157,51366,0
re2tt_ts-order-service_disk_1,RE2,TT,RE2-TT,TT,272821,45,1,82,263346,0
re2tt_ts-order-service_disk_2,RE2,TT,RE2-TT,TT,58890,39,0,165,51694,0
re2tt_ts-order-service_disk_3,RE2,TT,RE2-TT,TT,59445,39,0,163,52208,0
re2tt_ts-order-service_loss_1,RE2,TT,RE2-TT,TT,270219,46,2,84,262448,0
re2tt_ts-order-service_loss_2,RE2,TT,RE2-TT,TT,59109,39,0,166,51886,0
re2tt_ts-order-service_loss_3,RE2,TT,RE2-TT,TT,59220,39,0,171,51983,0
re2tt_ts-order-service_mem_1,RE2,TT,RE2-TT,TT,255401,46,0,62,248606,0
re2tt_ts-order-service_mem_2,RE2,TT,RE2-TT,TT,273502,45,0,91,266278,0
re2tt_ts-order-service_mem_3,RE2,TT,RE2-TT,TT,254036,45,0,59,247198,0
re2tt_ts-order-service_socket_1,RE2,TT,RE2-TT,TT,269123,46,1,89,261596,0
re2tt_ts-order-service_socket_2,RE2,TT,RE2-TT,TT,57769,39,0,155,50698,0
re2tt_ts-order-service_socket_3,RE2,TT,RE2-TT,TT,271066,47,3,77,262463,0
re2tt_ts-route-service_cpu_1,RE2,TT,RE2-TT,TT,257658,47,2,103,249956,0
re2tt_ts-route-service_cpu_2,RE2,TT,RE2-TT,TT,58704,39,0,191,51485,0
re2tt_ts-route-service_cpu_3,RE2,TT,RE2-TT,TT,58882,40,1,160,51372,0
re2tt_ts-route-service_delay_1,RE2,TT,RE2-TT,TT,238158,47,1,76,231317,0
re2tt_ts-route-service_delay_2,RE2,TT,RE2-TT,TT,241579,45,0,65,235206,0
re2tt_ts-route-service_delay_3,RE2,TT,RE2-TT,TT,232933,45,0,81,226604,0
re2tt_ts-route-service_disk_1,RE2,TT,RE2-TT,TT,274777,46,2,253,249537,0
re2tt_ts-route-service_disk_2,RE2,TT,RE2-TT,TT,275401,45,0,81,268178,0
re2tt_ts-route-service_disk_3,RE2,TT,RE2-TT,TT,233744,47,0,78,227432,0
re2tt_ts-route-service_loss_1,RE2,TT,RE2-TT,TT,197087,45,1,60,191421,0
re2tt_ts-route-service_loss_2,RE2,TT,RE2-TT,TT,272113,45,0,95,264932,0
re2tt_ts-route-service_loss_3,RE2,TT,RE2-TT,TT,264483,46,0,70,257519,0
re2tt_ts-route-service_mem_1,RE2,TT,RE2-TT,TT,233719,47,7,94,224726,0
re2tt_ts-route-service_mem_2,RE2,TT,RE2-TT,TT,267254,45,0,76,260286,0
re2tt_ts-route-service_mem_3,RE2,TT,RE2-TT,TT,261722,45,0,78,254742,0
re2tt_ts-route-service_socket_1,RE2,TT,RE2-TT,TT,256485,47,1,77,249025,0
re2tt_ts-route-service_socket_2,RE2,TT,RE2-TT,TT,271899,45,0,72,264760,0
re2tt_ts-route-service_socket_3,RE2,TT,RE2-TT,TT,269560,45,0,74,262463,0
re2tt_ts-train-service_cpu_1,RE2,TT,RE2-TT,TT,272238,48,2,105,264192,0
re2tt_ts-train-service_cpu_2,RE2,TT,RE2-TT,TT,280458,47,4,106,271775,0
re2tt_ts-train-service_cpu_3,RE2,TT,RE2-TT,TT,273495,46,2,97,265554,0
re2tt_ts-train-service_delay_1,RE2,TT,RE2-TT,TT,239017,46,1,79,232380,0
re2tt_ts-train-service_delay_2,RE2,TT,RE2-TT,TT,241117,46,0,66,234752,0
re2tt_ts-train-service_delay_3,RE2,TT,RE2-TT,TT,244659,45,0,73,238159,0
re2tt_ts-train-service_disk_1,RE2,TT,RE2-TT,TT,278130,45,0,70,270849,0
re2tt_ts-train-service_disk_2,RE2,TT,RE2-TT,TT,273710,45,0,84,266475,0
re2tt_ts-train-service_disk_3,RE2,TT,RE2-TT,TT,273293,45,1,93,265711,0
re2tt_ts-train-service_loss_1,RE2,TT,RE2-TT,TT,314211,47,3,107,305171,0
re2tt_ts-train-service_loss_2,RE2,TT,RE2-TT,TT,265618,45,2,103,257789,0
re2tt_ts-train-service_loss_3,RE2,TT,RE2-TT,TT,270421,46,1,84,263047,0
re2tt_ts-train-service_mem_1,RE2,TT,RE2-TT,TT,265858,47,0,94,258753,0
re2tt_ts-train-service_mem_2,RE2,TT,RE2-TT,TT,262764,48,0,87,255773,0
re2tt_ts-train-service_mem_3,RE2,TT,RE2-TT,TT,272929,45,0,88,265737,0
re2tt_ts-train-service_socket_1,RE2,TT,RE2-TT,TT,107304,45,0,35,104489,0
re2tt_ts-train-service_socket_2,RE2,TT,RE2-TT,TT,274621,46,5,94,265888,0
re2tt_ts-train-service_socket_3,RE2,TT,RE2-TT,TT,273079,47,0,71,265934,0
re2tt_ts-travel-service_cpu_1,RE2,TT,RE2-TT,TT,302701,45,0,92,294937,0
re2tt_ts-travel-service_cpu_2,RE2,TT,RE2-TT,TT,275290,45,2,91,267317,0
re2tt_ts-travel-service_cpu_3,RE2,TT,RE2-TT,TT,278973,45,0,77,271750,0
re2tt_ts-travel-service_delay_1,RE2,TT,RE2-TT,TT,245246,46,2,76,238115,0
re2tt_ts-travel-service_delay_2,RE2,TT,RE2-TT,TT,260810,45,1,68,253680,0
re2tt_ts-travel-service_delay_3,RE2,TT,RE2-TT,TT,264082,47,2,81,256500,0
re2tt_ts-travel-service_disk_1,RE2,TT,RE2-TT,TT,274182,45,0,104,263902,0
re2tt_ts-travel-service_disk_2,RE2,TT,RE2-TT,TT,58257,39,0,178,51080,0
re2tt_ts-travel-service_disk_3,RE2,TT,RE2-TT,TT,58974,39,2,170,51547,0
re2tt_ts-travel-service_loss_1,RE2,TT,RE2-TT,TT,309984,45,0,88,301544,0
re2tt_ts-travel-service_loss_2,RE2,TT,RE2-TT,TT,291893,46,1,96,283797,0
re2tt_ts-travel-service_loss_3,RE2,TT,RE2-TT,TT,309278,45,0,152,295535,0
re2tt_ts-travel-service_mem_1,RE2,TT,RE2-TT,TT,256600,45,1,87,249331,0
re2tt_ts-travel-service_mem_2,RE2,TT,RE2-TT,TT,255069,48,4,94,246377,0
re2tt_ts-travel-service_mem_3,RE2,TT,RE2-TT,TT,249528,45,0,96,242897,0
re2tt_ts-travel-service_socket_1,RE2,TT,RE2-TT,TT,59169,40,2,171,51453,0
re2tt_ts-travel-service_socket_2,RE2,TT,RE2-TT,TT,280033,46,0,86,272677,0
re2tt_ts-travel-service_socket_3,RE2,TT,RE2-TT,TT,284349,45,0,82,276903,0
re3ob_adservice_f3_1,RE3,OB,RE3-OB,OB,70558,10,0,0,1,0
re3ob_adservice_f3_2,RE3,OB,RE3-OB,OB,69275,10,0,4,1,0
re3ob_adservice_f3_3,RE3,OB,RE3-OB,OB,69664,10,0,2,1,0
re3ob_adservice_f4_1,RE3,OB,RE3-OB,OB,77536,10,0,1741,1,0
re3ob_adservice_f4_2,RE3,OB,RE3-OB,OB,77616,10,1,1742,1,0
re3ob_adservice_f4_3,RE3,OB,RE3-OB,OB,77788,10,0,1748,1,0
re3ob_adservice_f5_1,RE3,OB,RE3-OB,OB,69134,10,0,8,7,0
re3ob_adservice_f5_2,RE3,OB,RE3-OB,OB,70322,10,1,2,7,0
re3ob_adservice_f5_3,RE3,OB,RE3-OB,OB,70064,10,0,4,8,0
re3ob_cartservice_f1_1,RE3,OB,RE3-OB,OB,65025,10,0,791,399,0
re3ob_cartservice_f1_2,RE3,OB,RE3-OB,OB,66661,10,0,839,422,0
re3ob_cartservice_f1_3,RE3,OB,RE3-OB,OB,66441,10,0,816,412,0
re3ob_currencyservice_f1_1,RE3,OB,RE3-OB,OB,61828,10,1,3063,0,0
re3ob_currencyservice_f1_2,RE3,OB,RE3-OB,OB,63699,10,1,3126,0,0
re3ob_currencyservice_f1_3,RE3,OB,RE3-OB,OB,62448,10,1,3107,0,0
re3ob_emailservice_f1_1,RE3,OB,RE3-OB,OB,70076,10,0,138,0,0
re3ob_emailservice_f1_2,RE3,OB,RE3-OB,OB,70250,10,0,126,0,0
re3ob_emailservice_f1_3,RE3,OB,RE3-OB,OB,69114,10,0,126,0,0
re3ob_emailservice_f2_1,RE3,OB,RE3-OB,OB,71072,10,0,144,0,0
re3ob_emailservice_f2_2,RE3,OB,RE3-OB,OB,70587,10,0,127,0,0
re3ob_emailservice_f2_3,RE3,OB,RE3-OB,OB,70293,10,0,136,0,0
re3ob_emailservice_f3_1,RE3,OB,RE3-OB,OB,69563,10,0,143,0,0
re3ob_emailservice_f3_2,RE3,OB,RE3-OB,OB,71238,10,0,138,0,0
re3ob_emailservice_f3_3,RE3,OB,RE3-OB,OB,71791,10,0,131,0,0
re3ob_emailservice_f4_1,RE3,OB,RE3-OB,OB,70355,10,0,150,0,0
re3ob_emailservice_f4_2,RE3,OB,RE3-OB,OB,71712,10,0,148,0,0
re3ob_emailservice_f4_3,RE3,OB,RE3-OB,OB,69733,10,0,135,0,0
re3ob_emailservice_f5_1,RE3,OB,RE3-OB,OB,70136,10,0,145,0,0
re3ob_emailservice_f5_2,RE3,OB,RE3-OB,OB,70724,10,0,138,0,0
re3ob_emailservice_f5_3,RE3,OB,RE3-OB,OB,70503,10,0,164,0,0
re3ss_carts_f1_1,RE3,SS,RE3-SS,SS,84665,13,571,4808,14247,0
re3ss_carts_f1_2,RE3,SS,RE3-SS,SS,85307,12,578,4823,14357,0
re3ss_carts_f1_3,RE3,SS,RE3-SS,SS,85155,12,608,4761,14562,0
re3ss_carts_f1_4,RE3,SS,RE3-SS,SS,85849,13,618,4752,14804,0
re3ss_carts_f3_1,RE3,SS,RE3-SS,SS,84162,11,575,4952,13576,0
re3ss_carts_f3_2,RE3,SS,RE3-SS,SS,84442,12,570,4819,14135,0
re3ss_carts_f3_3,RE3,SS,RE3-SS,SS,84960,11,611,4779,14400,0
re3ss_carts_f3_4,RE3,SS,RE3-SS,SS,85649,12,626,4807,14499,0
re3ss_carts_f4_1,RE3,SS,RE3-SS,SS,84024,12,1,4969,14359,0
re3ss_carts_f4_2,RE3,SS,RE3-SS,SS,84555,11,1,4935,14686,0
re3ss_carts_f4_3,RE3,SS,RE3-SS,SS,83802,12,1,4882,14578,0
re3ss_carts_f4_4,RE3,SS,RE3-SS,SS,84925,11,1,4881,15052,0
re3ss_front-end_f1_1,RE3,SS,RE3-SS,SS,85513,11,1,4768,15579,4
re3ss_front-end_f1_2,RE3,SS,RE3-SS,SS,85886,11,0,4648,16087,3
re3ss_front-end_f1_3,RE3,SS,RE3-SS,SS,85171,11,0,4589,15988,4
re3ss_front-end_f2_1,RE3,SS,RE3-SS,SS,86519,12,0,4587,16446,4
re3ss_front-end_f2_2,RE3,SS,RE3-SS,SS,86678,11,1,4594,16475,4
re3ss_front-end_f2_3,RE3,SS,RE3-SS,SS,87396,11,0,4633,16651,4
re3ss_front-end_f3_1,RE3,SS,RE3-SS,SS,46800,12,1,2505,8257,4
re3ss_front-end_f3_2,RE3,SS,RE3-SS,SS,47848,11,0,2439,8645,4
re3ss_front-end_f3_3,RE3,SS,RE3-SS,SS,48110,11,0,2439,8712,3
re3ss_orders_f1_1,RE3,SS,RE3-SS,SS,79207,11,1,4629,10767,0
re3ss_orders_f1_2,RE3,SS,RE3-SS,SS,78873,11,3,4622,10778,0
re3ss_orders_f1_3,RE3,SS,RE3-SS,SS,78278,11,2,4546,10620,0
re3ss_orders_f3_1,RE3,SS,RE3-SS,SS,79514,11,1,5217,11943,0
re3ss_orders_f3_2,RE3,SS,RE3-SS,SS,79798,11,1,5267,11893,0
re3ss_orders_f3_3,RE3,SS,RE3-SS,SS,79882,12,1,5245,11967,0
re3ss_orders_f4_1,RE3,SS,RE3-SS,SS,51906,12,1,2965,9019,6
re3ss_orders_f4_2,RE3,SS,RE3-SS,SS,41777,11,1,2403,7119,7
re3ss_orders_f4_3,RE3,SS,RE3-SS,SS,51587,11,1,2886,9196,6
re3tt_ts-auth-service_f1_1,RE3,TT,RE3-TT,TT,40521,47,0,14,37686,0
re3tt_ts-auth-service_f1_2,RE3,TT,RE3-TT,TT,39343,48,0,10,36504,0
re3tt_ts-auth-service_f1_3,RE3,TT,RE3-TT,TT,42072,47,0,17,39214,0
re3tt_ts-auth-service_f1_4,RE3,TT,RE3-TT,TT,17025,42,0,11,14222,0
re3tt_ts-auth-service_f2_1,RE3,TT,RE3-TT,TT,45238,48,0,10,42429,0
re3tt_ts-auth-service_f2_2,RE3,TT,RE3-TT,TT,42350,45,0,22,39515,0
re3tt_ts-auth-service_f2_3,RE3,TT,RE3-TT,TT,39812,48,0,17,36995,0
re3tt_ts-auth-service_f2_4,RE3,TT,RE3-TT,TT,17640,39,0,15,14815,0
re3tt_ts-auth-service_f3_1,RE3,TT,RE3-TT,TT,43517,47,0,1683,37629,0
re3tt_ts-auth-service_f3_2,RE3,TT,RE3-TT,TT,44846,47,0,1656,39026,0
re3tt_ts-auth-service_f3_3,RE3,TT,RE3-TT,TT,44318,46,0,1729,38385,0
re3tt_ts-auth-service_f3_4,RE3,TT,RE3-TT,TT,20086,39,0,1739,14163,0
re3tt_ts-auth-service_f4_1,RE3,TT,RE3-TT,TT,41639,45,0,12,38793,0
re3tt_ts-auth-service_f4_2,RE3,TT,RE3-TT,TT,42550,48,0,15,39727,0
re3tt_ts-auth-service_f4_3,RE3,TT,RE3-TT,TT,44021,45,0,12,41206,0
re3tt_ts-route-service_f1_1,RE3,TT,RE3-TT,TT,71657,48,0,96,68201,0
re3tt_ts-route-service_f1_2,RE3,TT,RE3-TT,TT,75336,47,0,112,71814,0
re3tt_ts-route-service_f1_3,RE3,TT,RE3-TT,TT,72139,45,0,121,68626,0
re3tt_ts-route-service_f2_1,RE3,TT,RE3-TT,TT,74449,48,0,111,70956,0
re3tt_ts-route-service_f2_2,RE3,TT,RE3-TT,TT,68219,48,0,115,64727,0
re3tt_ts-route-service_f2_3,RE3,TT,RE3-TT,TT,71323,48,0,104,67801,0
re3tt_ts-route-service_f3_1,RE3,TT,RE3-TT,TT,75260,48,0,108,71742,0
re3tt_ts-route-service_f3_2,RE3,TT,RE3-TT,TT,68413,47,0,103,64927,0
re3tt_ts-route-service_f3_3,RE3,TT,RE3-TT,TT,69531,45,0,124,65979,0
re3tt_ts-route-service_f3_4,RE3,TT,RE3-TT,TT,68521,45,0,120,65025,0
re3tt_ts-route-service_f3_5,RE3,TT,RE3-TT,TT,68731,47,0,116,65268,0
re3tt_ts-route-service_f3_6,RE3,TT,RE3-TT,TT,71952,49,0,117,68482,0
re3tt_ts-route-service_f4_1,RE3,TT,RE3-TT,TT,68353,45,0,95,64945,0
re3tt_ts-route-service_f4_2,RE3,TT,RE3-TT,TT,69101,46,0,101,65584,0
re3tt_ts-route-service_f4_3,RE3,TT,RE3-TT,TT,69900,49,0,97,66427,0
