case,system,n_logs,n_containers,n_warn,n_error,n_info,n_debug,has_log4j_level,sys,sys2
re2ob_checkoutservice_cpu_1,tt,171322,10,0,0,0,0,0,re2-OB,OB
re2ob_checkoutservice_cpu_2,tt,110067,10,0,0,0,0,0,re2-OB,OB
re2ob_checkoutservice_cpu_3,tt,178461,10,0,0,0,0,0,re2-OB,OB
re2ob_checkoutservice_delay_1,tt,177868,10,0,0,0,0,0,re2-OB,OB
re2ob_checkoutservice_delay_2,tt,175563,10,0,0,0,0,0,re2-OB,OB
re2ob_checkoutservice_delay_3,tt,177282,10,0,0,0,0,0,re2-OB,OB
re2ob_checkoutservice_disk_1,tt,171176,10,0,0,0,0,0,re2-OB,OB
re2ob_checkoutservice_disk_2,tt,179481,10,0,0,0,0,0,re2-OB,OB
re2ob_checkoutservice_disk_3,tt,179376,10,0,0,0,0,0,re2-OB,OB
re2ob_checkoutservice_loss_1,tt,168467,10,0,0,0,0,0,re2-OB,OB
re2ob_checkoutservice_loss_2,tt,177193,10,0,0,0,0,0,re2-OB,OB
re2ob_checkoutservice_loss_3,tt,177015,10,0,0,0,0,0,re2-OB,OB
re2ob_checkoutservice_mem_1,tt,178020,10,0,0,0,0,0,re2-OB,OB
re2ob_checkoutservice_mem_2,tt,122905,10,0,0,0,0,0,re2-OB,OB
re2ob_checkoutservice_mem_3,tt,178797,10,0,0,0,0,0,re2-OB,OB
re2ob_checkoutservice_socket_1,tt,177376,10,0,0,0,0,0,re2-OB,OB
re2ob_checkoutservice_socket_2,tt,176899,10,0,0,0,0,0,re2-OB,OB
re2ob_checkoutservice_socket_3,tt,179060,10,0,0,0,0,0,re2-OB,OB
re2ob_currencyservice_cpu_1,tt,175589,10,0,0,0,0,0,re2-OB,OB
re2ob_currencyservice_cpu_2,tt,175593,10,0,0,0,0,0,re2-OB,OB
re2ob_currencyservice_cpu_3,tt,176460,10,0,0,0,0,0,re2-OB,OB
re2ob_currencyservice_delay_1,tt,161224,10,0,0,0,0,0,re2-OB,OB
re2ob_currencyservice_delay_2,tt,115001,9,0,0,0,0,0,re2-OB,OB
re2ob_currencyservice_delay_3,tt,113758,9,0,0,0,0,0,re2-OB,OB
re2ob_currencyservice_disk_1,tt,157693,10,0,0,0,0,0,re2-OB,OB
re2ob_currencyservice_disk_2,tt,173181,10,0,0,0,0,0,re2-OB,OB
re2ob_currencyservice_disk_3,tt,175844,10,0,0,0,0,0,re2-OB,OB
re2ob_currencyservice_loss_1,tt,131836,10,0,0,0,0,0,re2-OB,OB
re2ob_currencyservice_loss_2,tt,124718,10,0,0,0,0,0,re2-OB,OB
re2ob_currencyservice_loss_3,tt,154624,10,0,0,0,0,0,re2-OB,OB
re2ob_currencyservice_mem_1,tt,165696,10,0,0,0,0,0,re2-OB,OB
re2ob_currencyservice_mem_2,tt,169354,10,0,0,0,0,0,re2-OB,OB
re2ob_currencyservice_mem_3,tt,168823,10,0,0,0,0,0,re2-OB,OB
re2ob_currencyservice_socket_1,tt,178239,10,0,0,0,0,0,re2-OB,OB
re2ob_currencyservice_socket_2,tt,174759,10,0,0,0,0,0,re2-OB,OB
re2ob_currencyservice_socket_3,tt,174617,10,0,0,0,0,0,re2-OB,OB
re2ob_emailservice_cpu_1,tt,171212,10,0,0,0,0,0,re2-OB,OB
re2ob_emailservice_cpu_2,tt,179964,10,0,0,0,0,0,re2-OB,OB
re2ob_emailservice_cpu_3,tt,180925,10,0,0,0,0,0,re2-OB,OB
re2ob_emailservice_delay_1,tt,178258,10,0,0,0,0,0,re2-OB,OB
re2ob_emailservice_delay_2,tt,178743,10,0,0,0,0,0,re2-OB,OB
re2ob_emailservice_delay_3,tt,178830,10,0,0,0,0,0,re2-OB,OB
re2ob_emailservice_disk_1,tt,168998,10,0,0,0,0,0,re2-OB,OB
re2ob_emailservice_disk_2,tt,180028,10,0,0,0,0,0,re2-OB,OB
re2ob_emailservice_disk_3,tt,162740,10,0,0,0,0,0,re2-OB,OB
re2ob_emailservice_loss_1,tt,169916,10,0,0,0,0,0,re2-OB,OB
re2ob_emailservice_loss_2,tt,179209,10,0,0,0,0,0,re2-OB,OB
re2ob_emailservice_loss_3,tt,177244,10,0,0,0,0,0,re2-OB,OB
re2ob_emailservice_mem_1,tt,177387,10,0,0,0,0,0,re2-OB,OB
re2ob_emailservice_mem_2,tt,178461,10,0,0,0,0,0,re2-OB,OB
re2ob_emailservice_mem_3,tt,177171,10,0,0,0,0,0,re2-OB,OB
re2ob_emailservice_socket_1,tt,179307,10,0,0,0,0,0,re2-OB,OB
re2ob_emailservice_socket_2,tt,180421,10,0,0,0,0,0,re2-OB,OB
re2ob_emailservice_socket_3,tt,177851,10,0,0,0,0,0,re2-OB,OB
re2ob_productcatalogservice_cpu_1,tt,172220,10,0,0,0,0,0,re2-OB,OB
re2ob_productcatalogservice_cpu_2,tt,175280,10,0,0,0,0,0,re2-OB,OB
re2ob_productcatalogservice_cpu_3,tt,177166,10,0,0,0,0,0,re2-OB,OB
re2ob_productcatalogservice_delay_1,tt,160317,10,0,0,0,0,0,re2-OB,OB
re2ob_productcatalogservice_delay_2,tt,158705,10,0,0,0,0,0,re2-OB,OB
re2ob_productcatalogservice_delay_3,tt,159592,10,0,0,0,0,0,re2-OB,OB
re2ob_productcatalogservice_disk_1,tt,167784,10,0,0,0,0,0,re2-OB,OB
re2ob_productcatalogservice_disk_2,tt,176391,10,0,0,0,0,0,re2-OB,OB
re2ob_productcatalogservice_disk_3,tt,175180,10,0,0,0,0,0,re2-OB,OB
re2ob_productcatalogservice_loss_1,tt,117601,11,0,0,0,0,0,re2-OB,OB
re2ob_productcatalogservice_loss_2,tt,120201,11,0,0,0,0,0,re2-OB,OB
re2ob_productcatalogservice_loss_3,tt,147887,11,0,0,0,0,0,re2-OB,OB
re2ob_productcatalogservice_mem_1,tt,139074,10,0,0,0,0,0,re2-OB,OB
re2ob_productcatalogservice_mem_2,tt,161661,10,0,0,0,0,0,re2-OB,OB
re2ob_productcatalogservice_mem_3,tt,155910,10,0,0,0,0,0,re2-OB,OB
re2ob_productcatalogservice_socket_1,tt,168357,10,0,0,0,0,0,re2-OB,OB
re2ob_productcatalogservice_socket_2,tt,177026,10,0,0,0,0,0,re2-OB,OB
re2ob_productcatalogservice_socket_3,tt,178806,10,0,0,0,0,0,re2-OB,OB
re2ob_recommendationservice_cpu_1,tt,171429,10,0,0,0,0,0,re2-OB,OB
re2ob_recommendationservice_cpu_2,tt,178115,10,0,0,0,0,0,re2-OB,OB
re2ob_recommendationservice_cpu_3,tt,179564,10,0,0,0,0,0,re2-OB,OB
re2ob_recommendationservice_delay_1,tt,172404,10,0,0,0,0,0,re2-OB,OB
re2ob_recommendationservice_delay_2,tt,173760,10,0,0,0,0,0,re2-OB,OB
re2ob_recommendationservice_delay_3,tt,174200,10,0,0,0,0,0,re2-OB,OB
re2ob_recommendationservice_disk_1,tt,170150,10,0,0,0,0,0,re2-OB,OB
re2ob_recommendationservice_disk_2,tt,177271,10,0,0,0,0,0,re2-OB,OB
re2ob_recommendationservice_disk_3,tt,178952,10,0,0,0,0,0,re2-OB,OB
re2ob_recommendationservice_loss_1,tt,147413,11,0,0,0,0,0,re2-OB,OB
re2ob_recommendationservice_loss_2,tt,168376,10,0,0,0,0,0,re2-OB,OB
re2ob_recommendationservice_loss_3,tt,164897,10,0,0,0,0,0,re2-OB,OB
re2ob_recommendationservice_mem_1,tt,174236,10,0,0,0,0,0,re2-OB,OB
re2ob_recommendationservice_mem_2,tt,173185,10,0,0,0,0,0,re2-OB,OB
re2ob_recommendationservice_mem_3,tt,172175,10,0,0,0,0,0,re2-OB,OB
re2ob_recommendationservice_socket_1,tt,131908,10,0,0,0,0,0,re2-OB,OB
re2ob_recommendationservice_socket_2,tt,178775,10,0,0,0,0,0,re2-OB,OB
re2ob_recommendationservice_socket_3,tt,177253,10,0,0,0,0,0,re2-OB,OB
re2ss_carts_cpu_1,tt,86592,11,50,1471,13240,0,14761,re2-SS,SS
re2ss_carts_cpu_2,tt,86451,11,58,1464,13179,0,14701,re2-SS,SS
re2ss_carts_cpu_3,tt,87020,10,52,1479,13312,0,14843,re2-SS,SS
re2ss_carts_delay_1,tt,83040,10,49,1407,12670,0,14126,re2-SS,SS
re2ss_carts_delay_2,tt,83145,10,41,1413,12724,0,14178,re2-SS,SS
re2ss_carts_delay_3,tt,82548,10,49,1397,12573,0,14019,re2-SS,SS
re2ss_carts_disk_1,tt,88166,10,81,1485,13365,0,14931,re2-SS,SS
re2ss_carts_disk_2,tt,87449,11,58,1485,13366,0,14909,re2-SS,SS
re2ss_carts_disk_3,tt,87197,11,54,1483,13348,0,14885,re2-SS,SS
re2ss_carts_loss_1,tt,84486,11,49,1431,12870,0,14350,re2-SS,SS
re2ss_carts_loss_2,tt,84873,11,46,1439,12958,0,14443,re2-SS,SS
re2ss_carts_loss_3,tt,84331,10,64,1423,12789,0,14276,re2-SS,SS
re2ss_carts_mem_1,tt,87712,11,62,1490,13415,0,14967,re2-SS,SS
re2ss_carts_mem_2,tt,86086,10,57,1462,13158,0,14677,re2-SS,SS
re2ss_carts_mem_3,tt,86345,11,47,1471,13239,0,14757,re2-SS,SS
re2ss_carts_socket_1,tt,88689,10,50,1425,12834,0,14309,re2-SS,SS
re2ss_carts_socket_2,tt,86415,11,54,1469,13221,0,14744,re2-SS,SS
re2ss_carts_socket_3,tt,86090,11,57,1461,13150,0,14668,re2-SS,SS
re2ss_catalogue_cpu_1,tt,78035,10,55,1310,11790,0,13155,re2-SS,SS
re2ss_catalogue_cpu_2,tt,74548,10,34,1253,11277,0,12564,re2-SS,SS
re2ss_catalogue_cpu_3,tt,87159,10,67,1470,13230,0,14767,re2-SS,SS
re2ss_catalogue_delay_1,tt,88601,11,54,1379,12411,0,13844,re2-SS,SS
re2ss_catalogue_delay_2,tt,84632,10,57,1437,12933,0,14427,re2-SS,SS
re2ss_catalogue_delay_3,tt,78812,12,49,1327,11943,0,13319,re2-SS,SS
re2ss_catalogue_disk_1,tt,84395,10,45,1306,11767,0,13118,re2-SS,SS
re2ss_catalogue_disk_2,tt,86517,11,61,1467,13204,0,14732,re2-SS,SS
re2ss_catalogue_disk_3,tt,86824,11,58,1471,13240,0,14769,re2-SS,SS
re2ss_catalogue_loss_1,tt,57320,11,44,920,8280,0,9244,re2-SS,SS
re2ss_catalogue_loss_2,tt,60114,12,37,957,8613,0,9607,re2-SS,SS
re2ss_catalogue_loss_3,tt,61657,11,48,991,8919,0,9958,re2-SS,SS
re2ss_catalogue_mem_1,tt,86527,11,50,1471,13239,0,14760,re2-SS,SS
re2ss_catalogue_mem_2,tt,86549,10,58,1467,13204,0,14729,re2-SS,SS
re2ss_catalogue_mem_3,tt,86063,10,51,1465,13185,0,14701,re2-SS,SS
re2ss_catalogue_socket_1,tt,89439,10,45,1395,12555,0,13995,re2-SS,SS
re2ss_catalogue_socket_2,tt,87798,11,64,1487,13383,0,14934,re2-SS,SS
re2ss_catalogue_socket_3,tt,86369,10,46,1471,13241,0,14758,re2-SS,SS
re2ss_orders_cpu_1,tt,86534,10,59,1466,13195,0,14720,re2-SS,SS
re2ss_orders_cpu_2,tt,86433,11,56,1468,13212,0,14736,re2-SS,SS
re2ss_orders_cpu_3,tt,86788,10,52,1475,13275,0,14802,re2-SS,SS
re2ss_orders_delay_1,tt,88610,11,54,1330,11972,0,13356,re2-SS,SS
re2ss_orders_delay_2,tt,86736,12,57,1470,13232,0,14759,re2-SS,SS
re2ss_orders_delay_3,tt,85819,11,56,1454,13086,0,14596,re2-SS,SS
re2ss_orders_disk_1,tt,70374,15,62,1125,10694,0,11848,re2-SS,SS
re2ss_orders_disk_2,tt,87603,12,66,1393,12714,0,14173,re2-SS,SS
re2ss_orders_disk_3,tt,86528,10,54,1469,13221,0,14744,re2-SS,SS
re2ss_orders_loss_1,tt,89230,12,68,1460,12557,0,14085,re2-SS,SS
re2ss_orders_loss_2,tt,87652,10,54,1443,12566,0,14063,re2-SS,SS
re2ss_orders_loss_3,tt,88243,11,51,1459,12722,0,14232,re2-SS,SS
re2ss_orders_mem_1,tt,86192,12,50,1466,13194,0,14710,re2-SS,SS
re2ss_orders_mem_2,tt,86626,12,50,1469,13220,0,14739,re2-SS,SS
re2ss_orders_mem_3,tt,86519,11,43,1475,13276,0,14794,re2-SS,SS
re2ss_orders_socket_1,tt,89905,11,62,1326,12077,0,13465,re2-SS,SS
re2ss_orders_socket_2,tt,86799,10,66,1467,13203,0,14736,re2-SS,SS
re2ss_orders_socket_3,tt,86124,11,57,1461,13152,0,14670,re2-SS,SS
re2ss_payment_cpu_1,tt,86881,10,63,1469,13221,0,14753,re2-SS,SS
re2ss_payment_cpu_2,tt,86332,11,58,1467,13203,0,14728,re2-SS,SS
re2ss_payment_cpu_3,tt,86912,11,65,1471,13239,0,14775,re2-SS,SS
re2ss_payment_delay_1,tt,86312,10,50,1261,11349,0,12660,re2-SS,SS
re2ss_payment_delay_2,tt,87147,10,57,1480,13320,0,14857,re2-SS,SS
re2ss_payment_delay_3,tt,86799,11,59,1469,13222,0,14750,re2-SS,SS
re2ss_payment_disk_1,tt,89666,10,65,1297,11057,0,12419,re2-SS,SS
re2ss_payment_disk_2,tt,86728,11,61,1467,13204,0,14732,re2-SS,SS
re2ss_payment_disk_3,tt,86149,10,53,1460,13140,0,14653,re2-SS,SS
re2ss_payment_loss_1,tt,92962,12,71,1465,10213,0,11749,re2-SS,SS
re2ss_payment_loss_2,tt,91375,11,59,1442,9930,0,11431,re2-SS,SS
re2ss_payment_loss_3,tt,91786,11,67,1464,10537,0,12068,re2-SS,SS
re2ss_payment_mem_1,tt,87090,12,58,1423,12950,0,14431,re2-SS,SS
re2ss_payment_mem_2,tt,86218,10,50,1465,13185,0,14700,re2-SS,SS
re2ss_payment_mem_3,tt,87217,12,64,1475,13275,0,14814,re2-SS,SS
re2ss_payment_socket_1,tt,85811,12,39,1264,11382,0,12685,re2-SS,SS
re2ss_payment_socket_2,tt,86579,10,58,1467,13203,0,14728,re2-SS,SS
re2ss_payment_socket_3,tt,87216,10,54,1483,13347,0,14884,re2-SS,SS
re2ss_user_cpu_1,tt,77384,11,60,1286,11576,0,12922,re2-SS,SS
re2ss_user_cpu_2,tt,76709,11,46,1287,11583,0,12916,re2-SS,SS
re2ss_user_cpu_3,tt,86263,10,45,1468,13212,0,14725,re2-SS,SS
re2ss_user_delay_1,tt,81553,11,45,1180,10620,0,11845,re2-SS,SS
re2ss_user_delay_2,tt,84386,11,58,1427,12843,0,14328,re2-SS,SS
re2ss_user_delay_3,tt,83728,12,55,1415,12735,0,14205,re2-SS,SS
re2ss_user_disk_1,tt,78709,11,36,1126,10134,0,11296,re2-SS,SS
re2ss_user_disk_2,tt,86487,11,64,1464,13176,0,14704,re2-SS,SS
re2ss_user_disk_3,tt,86663,11,59,1470,13230,0,14759,re2-SS,SS
re2ss_user_loss_1,tt,53507,11,35,855,7650,0,8540,re2-SS,SS
re2ss_user_loss_2,tt,59052,11,42,947,8478,0,9467,re2-SS,SS
re2ss_user_loss_3,tt,66602,11,32,1074,9585,0,10691,re2-SS,SS
re2ss_user_mem_1,tt,87131,11,60,1475,13279,0,14814,re2-SS,SS
re2ss_user_mem_2,tt,85960,12,57,1461,13152,0,14670,re2-SS,SS
re2ss_user_mem_3,tt,85809,11,48,1458,13123,0,14629,re2-SS,SS
re2ss_user_socket_1,tt,84250,11,62,1202,10870,0,12134,re2-SS,SS
re2ss_user_socket_2,tt,85726,11,62,1453,13077,0,14592,re2-SS,SS
re2ss_user_socket_3,tt,86412,11,51,1468,13212,0,14731,re2-SS,SS
re2tt_ts-auth-service_cpu_2,tt,271919,47,2,8,263804,0,263814,re2-TT,TT
re2tt_ts-auth-service_cpu_3,tt,267932,45,1,0,260938,0,260939,re2-TT,TT
re2tt_ts-auth-service_delay_1,tt,266174,46,2,4,258552,0,258558,re2-TT,TT
re2tt_ts-auth-service_delay_2,tt,274867,45,0,0,267797,0,267797,re2-TT,TT
re2tt_ts-auth-service_delay_3,tt,279367,45,0,0,271925,0,271925,re2-TT,TT
re2tt_ts-auth-service_disk_1,tt,271266,45,0,7,263369,0,263376,re2-TT,TT
re2tt_ts-auth-service_disk_2,tt,270500,46,0,0,263503,0,263503,re2-TT,TT
re2tt_ts-auth-service_disk_3,tt,269667,46,0,0,262546,0,262546,re2-TT,TT
re2tt_ts-auth-service_loss_1,tt,276063,46,2,7,267926,0,267935,re2-TT,TT
re2tt_ts-auth-service_loss_2,tt,279706,45,0,0,272457,0,272457,re2-TT,TT
re2tt_ts-auth-service_loss_3,tt,279067,45,0,0,271793,0,271793,re2-TT,TT
re2tt_ts-auth-service_mem_1,tt,270107,45,0,0,263002,0,263002,re2-TT,TT
re2tt_ts-auth-service_mem_2,tt,262199,48,5,14,253454,0,253473,re2-TT,TT
re2tt_ts-auth-service_mem_3,tt,260665,45,0,0,253756,0,253756,re2-TT,TT
re2tt_ts-auth-service_socket_1,tt,270617,45,0,0,263440,0,263440,re2-TT,TT
re2tt_ts-auth-service_socket_2,tt,266470,45,0,0,259461,0,259461,re2-TT,TT
re2tt_ts-auth-service_socket_3,tt,265328,46,1,2,258114,0,258117,re2-TT,TT
re2tt_ts-order-service_cpu_1,tt,269233,47,0,0,262161,0,262161,re2-TT,TT
re2tt_ts-order-service_cpu_2,tt,281606,45,0,0,274213,0,274213,re2-TT,TT
re2tt_ts-order-service_cpu_3,tt,273099,45,1,3,265437,0,265441,re2-TT,TT
re2tt_ts-order-service_delay_1,tt,146141,45,0,0,142221,0,142221,re2-TT,TT
re2tt_ts-order-service_delay_2,tt,57359,39,0,0,50263,0,50263,re2-TT,TT
re2tt_ts-order-service_delay_3,tt,58570,39,0,0,51366,0,51366,re2-TT,TT
re2tt_ts-order-service_disk_1,tt,272821,45,1,20,263346,0,263367,re2-TT,TT
re2tt_ts-order-service_disk_2,tt,58890,39,0,0,51694,0,51694,re2-TT,TT
re2tt_ts-order-service_disk_3,tt,59445,39,0,0,52208,0,52208,re2-TT,TT
re2tt_ts-order-service_loss_1,tt,270219,46,2,5,262448,0,262455,re2-TT,TT
re2tt_ts-order-service_loss_2,tt,59109,39,0,0,51886,0,51886,re2-TT,TT
re2tt_ts-order-service_loss_3,tt,59220,39,0,0,51983,0,51983,re2-TT,TT
re2tt_ts-order-service_mem_1,tt,255401,46,0,0,248606,0,248606,re2-TT,TT
re2tt_ts-order-service_mem_2,tt,273502,45,0,0,266278,0,266278,re2-TT,TT
re2tt_ts-order-service_mem_3,tt,254036,45,0,0,247198,0,247198,re2-TT,TT
re2tt_ts-order-service_socket_1,tt,269123,46,1,3,261596,0,261600,re2-TT,TT
re2tt_ts-order-service_socket_2,tt,57769,39,0,0,50698,0,50698,re2-TT,TT
re2tt_ts-order-service_socket_3,tt,271066,47,3,11,262463,0,262477,re2-TT,TT
re2tt_ts-route-service_cpu_1,tt,257658,47,2,6,249956,0,249964,re2-TT,TT
re2tt_ts-route-service_cpu_2,tt,58704,39,0,0,51485,0,51485,re2-TT,TT
re2tt_ts-route-service_cpu_3,tt,58882,40,1,2,51372,0,51375,re2-TT,TT
re2tt_ts-route-service_delay_1,tt,238158,47,1,4,231317,0,231322,re2-TT,TT
re2tt_ts-route-service_delay_2,tt,241579,45,0,0,235206,0,235206,re2-TT,TT
re2tt_ts-route-service_delay_3,tt,232933,45,0,0,226604,0,226604,re2-TT,TT
re2tt_ts-route-service_disk_1,tt,274777,46,2,160,249537,0,249699,re2-TT,TT
re2tt_ts-route-service_disk_2,tt,275401,45,0,0,268178,0,268178,re2-TT,TT
re2tt_ts-route-service_disk_3,tt,233744,47,0,0,227432,0,227432,re2-TT,TT
re2tt_ts-route-service_loss_1,tt,197087,45,1,2,191421,0,191424,re2-TT,TT
re2tt_ts-route-service_loss_2,tt,272113,45,0,0,264932,0,264932,re2-TT,TT
re2tt_ts-route-service_loss_3,tt,264483,46,0,0,257519,0,257519,re2-TT,TT
re2tt_ts-route-service_mem_1,tt,233719,47,7,21,224726,0,224754,re2-TT,TT
re2tt_ts-route-service_mem_2,tt,267254,45,0,0,260286,0,260286,re2-TT,TT
re2tt_ts-route-service_mem_3,tt,261722,45,0,0,254742,0,254742,re2-TT,TT
re2tt_ts-route-service_socket_1,tt,256485,47,1,4,249025,0,249030,re2-TT,TT
re2tt_ts-route-service_socket_2,tt,271899,45,0,0,264760,0,264760,re2-TT,TT
re2tt_ts-route-service_socket_3,tt,269560,45,0,0,262463,0,262463,re2-TT,TT
re2tt_ts-train-service_cpu_1,tt,272238,48,2,7,264192,0,264201,re2-TT,TT
re2tt_ts-train-service_cpu_2,tt,280458,47,4,11,271775,0,271790,re2-TT,TT
re2tt_ts-train-service_cpu_3,tt,273495,46,2,5,265554,0,265561,re2-TT,TT
re2tt_ts-train-service_delay_1,tt,239017,46,1,2,232380,0,232383,re2-TT,TT
re2tt_ts-train-service_delay_2,tt,241117,46,0,0,234752,0,234752,re2-TT,TT
re2tt_ts-train-service_delay_3,tt,244659,45,0,0,238159,0,238159,re2-TT,TT
re2tt_ts-train-service_disk_1,tt,278130,45,0,0,270849,0,270849,re2-TT,TT
re2tt_ts-train-service_disk_2,tt,273710,45,0,0,266475,0,266475,re2-TT,TT
re2tt_ts-train-service_disk_3,tt,273293,45,1,2,265711,0,265714,re2-TT,TT
re2tt_ts-train-service_loss_1,tt,314211,47,3,8,305171,0,305182,re2-TT,TT
re2tt_ts-train-service_loss_2,tt,265618,45,2,6,257789,0,257797,re2-TT,TT
re2tt_ts-train-service_loss_3,tt,270421,46,1,2,263047,0,263050,re2-TT,TT
re2tt_ts-train-service_mem_1,tt,265858,47,0,0,258753,0,258753,re2-TT,TT
re2tt_ts-train-service_mem_2,tt,262764,48,0,0,255773,0,255773,re2-TT,TT
re2tt_ts-train-service_mem_3,tt,272929,45,0,0,265737,0,265737,re2-TT,TT
re2tt_ts-train-service_socket_1,tt,107304,45,0,0,104489,0,104489,re2-TT,TT
re2tt_ts-train-service_socket_2,tt,274621,46,5,11,265888,0,265904,re2-TT,TT
re2tt_ts-train-service_socket_3,tt,273079,47,0,0,265934,0,265934,re2-TT,TT
re2tt_ts-travel-service_cpu_1,tt,302701,45,0,0,294937,0,294937,re2-TT,TT
re2tt_ts-travel-service_cpu_2,tt,275290,45,2,6,267317,0,267325,re2-TT,TT
re2tt_ts-travel-service_cpu_3,tt,278973,45,0,0,271750,0,271750,re2-TT,TT
re2tt_ts-travel-service_delay_1,tt,245246,46,2,5,238115,0,238122,re2-TT,TT
re2tt_ts-travel-service_delay_2,tt,260810,45,1,2,253680,0,253683,re2-TT,TT
re2tt_ts-travel-service_delay_3,tt,264082,47,2,6,256500,0,256508,re2-TT,TT
re2tt_ts-travel-service_disk_1,tt,274182,45,0,28,263902,0,263930,re2-TT,TT
re2tt_ts-travel-service_disk_2,tt,58257,39,0,0,51080,0,51080,re2-TT,TT
re2tt_ts-travel-service_disk_3,tt,58974,39,2,1,51547,0,51550,re2-TT,TT
re2tt_ts-travel-service_loss_1,tt,309984,45,0,4,301544,0,301548,re2-TT,TT
re2tt_ts-travel-service_loss_2,tt,291893,46,1,4,283797,0,283802,re2-TT,TT
re2tt_ts-travel-service_loss_3,tt,309278,45,0,48,295535,0,295583,re2-TT,TT
re2tt_ts-travel-service_mem_1,tt,256600,45,1,3,249331,0,249335,re2-TT,TT
re2tt_ts-travel-service_mem_2,tt,255069,48,4,16,246377,0,246397,re2-TT,TT
re2tt_ts-travel-service_mem_3,tt,249528,45,0,0,242897,0,242897,re2-TT,TT
re2tt_ts-travel-service_socket_1,tt,59169,40,2,4,51453,0,51459,re2-TT,TT
re2tt_ts-travel-service_socket_2,tt,280033,46,0,0,272677,0,272677,re2-TT,TT
re2tt_ts-travel-service_socket_3,tt,284349,45,0,0,276903,0,276903,re2-TT,TT
re3ob_adservice_f3_1,tt,70558,10,0,0,0,0,0,re3-OB,OB
re3ob_adservice_f3_2,tt,69275,10,0,0,0,0,0,re3-OB,OB
re3ob_adservice_f3_3,tt,69664,10,0,0,0,0,0,re3-OB,OB
re3ob_adservice_f4_1,tt,77536,10,0,0,0,0,0,re3-OB,OB
re3ob_adservice_f4_2,tt,77616,10,1,0,0,0,0,re3-OB,OB
re3ob_adservice_f4_3,tt,77788,10,0,0,0,0,0,re3-OB,OB
re3ob_adservice_f5_1,tt,69134,10,0,0,0,0,0,re3-OB,OB
re3ob_adservice_f5_2,tt,70322,10,1,0,0,0,0,re3-OB,OB
re3ob_adservice_f5_3,tt,70064,10,0,0,0,0,0,re3-OB,OB
re3ob_cartservice_f1_1,tt,65025,10,0,0,0,0,0,re3-OB,OB
re3ob_cartservice_f1_2,tt,66661,10,0,0,0,0,0,re3-OB,OB
re3ob_cartservice_f1_3,tt,66441,10,0,0,0,0,0,re3-OB,OB
re3ob_currencyservice_f1_1,tt,61828,10,0,0,0,0,0,re3-OB,OB
re3ob_currencyservice_f1_2,tt,63699,10,0,0,0,0,0,re3-OB,OB
re3ob_currencyservice_f1_3,tt,62448,10,0,0,0,0,0,re3-OB,OB
re3ob_emailservice_f1_1,tt,70076,10,0,0,0,0,0,re3-OB,OB
re3ob_emailservice_f1_2,tt,70250,10,0,0,0,0,0,re3-OB,OB
re3ob_emailservice_f1_3,tt,69114,10,0,0,0,0,0,re3-OB,OB
re3ob_emailservice_f2_1,tt,71072,10,0,0,0,0,0,re3-OB,OB
re3ob_emailservice_f2_2,tt,70587,10,0,0,0,0,0,re3-OB,OB
re3ob_emailservice_f2_3,tt,70293,10,0,0,0,0,0,re3-OB,OB
re3ob_emailservice_f3_1,tt,69563,10,0,0,0,0,0,re3-OB,OB
re3ob_emailservice_f3_2,tt,71238,10,0,0,0,0,0,re3-OB,OB
re3ob_emailservice_f3_3,tt,71791,10,0,0,0,0,0,re3-OB,OB
re3ob_emailservice_f4_1,tt,70355,10,0,0,0,0,0,re3-OB,OB
re3ob_emailservice_f4_2,tt,71712,10,0,0,0,0,0,re3-OB,OB
re3ob_emailservice_f4_3,tt,69733,10,0,0,0,0,0,re3-OB,OB
re3ob_emailservice_f5_1,tt,70136,10,0,0,0,0,0,re3-OB,OB
re3ob_emailservice_f5_2,tt,70724,10,0,0,0,0,0,re3-OB,OB
re3ob_emailservice_f5_3,tt,70503,10,0,0,0,0,0,re3-OB,OB
re3ss_carts_f1_1,tt,84665,13,571,1402,14247,0,16218,re3-SS,SS
re3ss_carts_f1_2,tt,85307,12,578,1404,14357,0,16339,re3-SS,SS
re3ss_carts_f1_3,tt,85155,12,608,1393,14562,0,16561,re3-SS,SS
re3ss_carts_f1_4,tt,85849,13,618,1407,14804,0,16827,re3-SS,SS
re3ss_carts_f3_1,tt,84162,11,575,1394,13576,0,15545,re3-SS,SS
re3ss_carts_f3_2,tt,84442,12,570,1406,14135,0,16111,re3-SS,SS
re3ss_carts_f3_3,tt,84960,11,611,1400,14400,0,16411,re3-SS,SS
re3ss_carts_f3_4,tt,85649,12,626,1403,14499,0,16528,re3-SS,SS
re3ss_carts_f4_1,tt,84024,12,1,1331,14359,0,15691,re3-SS,SS
re3ss_carts_f4_2,tt,84555,11,1,1331,14686,0,16018,re3-SS,SS
re3ss_carts_f4_3,tt,83802,12,1,1316,14578,0,15895,re3-SS,SS
re3ss_carts_f4_4,tt,84925,11,1,1314,15052,0,16367,re3-SS,SS
re3ss_front-end_f1_1,tt,85513,11,1,1282,15575,0,16858,re3-SS,SS
re3ss_front-end_f1_2,tt,85886,11,0,1297,16083,0,17380,re3-SS,SS
re3ss_front-end_f1_3,tt,85171,11,0,1290,15984,0,17274,re3-SS,SS
re3ss_front-end_f2_1,tt,86519,12,0,1303,16442,0,17745,re3-SS,SS
re3ss_front-end_f2_2,tt,86678,11,1,1302,16471,0,17774,re3-SS,SS
re3ss_front-end_f2_3,tt,87396,11,0,1321,16647,0,17968,re3-SS,SS
re3ss_front-end_f3_1,tt,46800,12,1,652,8253,0,8902,re3-SS,SS
re3ss_front-end_f3_2,tt,47848,11,0,676,8641,0,9317,re3-SS,SS
re3ss_front-end_f3_3,tt,48110,11,0,682,8708,0,9390,re3-SS,SS
re3ss_orders_f1_1,tt,79207,11,1,1316,10767,0,12084,re3-SS,SS
re3ss_orders_f1_2,tt,78873,11,3,1307,10778,0,12088,re3-SS,SS
re3ss_orders_f1_3,tt,78278,11,2,1318,10620,0,11940,re3-SS,SS
re3ss_orders_f3_1,tt,79514,11,1,647,11943,0,12591,re3-SS,SS
re3ss_orders_f3_2,tt,79798,11,1,641,11893,0,12535,re3-SS,SS
re3ss_orders_f3_3,tt,79882,12,1,649,11967,0,12617,re3-SS,SS
re3ss_orders_f4_1,tt,51906,12,1,652,9007,0,9660,re3-SS,SS
re3ss_orders_f4_2,tt,41777,11,1,509,7105,0,7615,re3-SS,SS
re3ss_orders_f4_3,tt,51587,11,1,679,9184,0,9864,re3-SS,SS
re3tt_ts-auth-service_f1_1,tt,40521,47,0,1,37686,0,37685,re3-TT,TT
re3tt_ts-auth-service_f1_2,tt,39343,48,0,0,36504,0,36502,re3-TT,TT
re3tt_ts-auth-service_f1_3,tt,42072,47,0,5,39214,0,39217,re3-TT,TT
re3tt_ts-auth-service_f1_4,tt,17025,42,0,2,14222,0,14222,re3-TT,TT
re3tt_ts-auth-service_f2_1,tt,45238,48,0,1,42429,0,42428,re3-TT,TT
re3tt_ts-auth-service_f2_2,tt,42350,45,0,2,39515,0,39515,re3-TT,TT
re3tt_ts-auth-service_f2_3,tt,39812,48,0,4,36995,0,36997,re3-TT,TT
re3tt_ts-auth-service_f2_4,tt,17640,39,0,1,14815,0,14814,re3-TT,TT
re3tt_ts-auth-service_f3_1,tt,43517,47,0,1672,37629,0,39299,re3-TT,TT
re3tt_ts-auth-service_f3_2,tt,44846,47,0,1642,39026,0,40666,re3-TT,TT
re3tt_ts-auth-service_f3_3,tt,44318,46,0,1717,38385,0,40100,re3-TT,TT
re3tt_ts-auth-service_f3_4,tt,20086,39,0,1713,14163,0,15874,re3-TT,TT
re3tt_ts-auth-service_f4_1,tt,41639,45,0,1,38793,0,38792,re3-TT,TT
re3tt_ts-auth-service_f4_2,tt,42550,48,0,2,39727,0,39727,re3-TT,TT
re3tt_ts-auth-service_f4_3,tt,44021,45,0,3,41206,0,41207,re3-TT,TT
re3tt_ts-route-service_f1_1,tt,71657,48,0,47,68201,0,68247,re3-TT,TT
re3tt_ts-route-service_f1_2,tt,75336,47,0,54,71814,0,71867,re3-TT,TT
re3tt_ts-route-service_f1_3,tt,72139,45,0,64,68626,0,68689,re3-TT,TT
re3tt_ts-route-service_f2_1,tt,74449,48,0,53,70956,0,71008,re3-TT,TT
re3tt_ts-route-service_f2_2,tt,68219,48,0,59,64727,0,64785,re3-TT,TT
re3tt_ts-route-service_f2_3,tt,71323,48,0,56,67801,0,67856,re3-TT,TT
re3tt_ts-route-service_f3_1,tt,75260,48,0,60,71742,0,71801,re3-TT,TT
re3tt_ts-route-service_f3_2,tt,68413,47,0,55,64927,0,64981,re3-TT,TT
re3tt_ts-route-service_f3_3,tt,69531,45,0,66,65979,0,66044,re3-TT,TT
re3tt_ts-route-service_f3_4,tt,68521,45,0,55,65025,0,65079,re3-TT,TT
re3tt_ts-route-service_f3_5,tt,68731,47,0,59,65268,0,65326,re3-TT,TT
re3tt_ts-route-service_f3_6,tt,71952,49,0,63,68482,0,68544,re3-TT,TT
re3tt_ts-route-service_f4_1,tt,68353,45,0,59,64945,0,65003,re3-TT,TT
re3tt_ts-route-service_f4_2,tt,69101,46,0,66,65584,0,65649,re3-TT,TT
re3tt_ts-route-service_f4_3,tt,69900,49,0,59,66427,0,66485,re3-TT,TT
